department,avg_training_score,promoted_count
Analytics,84.64343598055105,162
Finance,60.106184364060674,57
HR,50.073469387755104,55
Legal,59.68269230769231,9
Operations,60.41109932838459,555
Procurement,70.17001455604075,343
R&D,84.72945205479452,13
Sales & Marketing,50.20333512641205,528
Technology,79.84157119476268,292
